0.05,1.0,65.62011886609167,26.338865285645596,15.257914573816947,nan,nan,288.0,351.0,182.0
0.1,1.0,12.36931687685298,27.378090582773638,12.804266065286754,nan,nan,288.0,342.0,183.0
0.15,1.0,20.518284528683193,28.04951809382294,11.624741281409285,nan,nan,288.0,338.0,183.0
0.2,1.0,23.430749027719962,28.547575038162364,13.231384746337113,nan,nan,288.0,334.0,189.0
0.25,1.0,24.758836806279895,26.343426963360116,17.013982457868423,nan,nan,288.0,329.0,190.0
0.3,1.0,21.633307652783937,27.50644640009915,16.47957487711551,nan,nan,289.0,327.0,189.0
0.35,1.0,23.021728866442675,27.50644640009915,21.084812637106353,nan,nan,293.0,324.0,193.0
0.4,1.0,23.706539182259394,26.87783454411303,21.084812637106353,nan,nan,297.0,325.0,199.0
0.45,1.0,25.059928172283335,27.56883298995524,19.476575498931993,nan,nan,299.0,324.0,201.0
0.5,1.0,25.553864678361276,27.062301966987235,22.10420291856144,nan,nan,300.0,321.0,204.0
0.55,1.0,26.419689627245813,26.253301080956163,19.983106521899998,nan,nan,301.0,319.0,207.0
0.6,1.0,26.40075756488817,25.829545072353767,19.983106521899998,nan,nan,302.0,314.0,209.0
0.65,1.0,26.92582403567252,25.829545072353767,19.983106521899998,nan,nan,302.0,310.0,210.0
0.7,1.0,25.298221281347036,26.336076095321715,17.43116701004473,nan,nan,302.0,311.0,209.0
0.75,1.0,26.570660511172846,25.43207301924491,19.983106521899998,nan,nan,303.0,309.0,212.0
0.8,1.0,27.202941017470888,25.226767189667555,19.983106521899998,7.95752522691717,11.453961631766418,303.0,307.0,214.0
0.85,1.0,27.51363298439521,25.85941773884045,22.10420291856144,11.323985890346961,11.453961631766418,302.0,306.0,215.0
0.9,1.0,28.160255680657446,26.565051177077976,21.597671895593407,14.992733537024662,10.758945067568874,302.0,306.0,216.0
0.95,1.0,29.5296461204668,25.403680663039097,23.9566851071433,14.297716972827061,11.801945508296058,303.0,306.0,217.0
1.0,1.0,29.68164415931166,25.417916716799652,22.91559403752413,13.615196703799143,11.818487042596331,307.0,308.0,218.0
1.05,1.0,30.23243291566195,27.302967904860708,23.908495794852,20.320885787369946,10.975981988624909,308.0,308.0,216.0
1.1,1.0,31.400636936215164,28.60229147448686,22.8073777387998,15.57746211165039,12.16322457008934,309.0,310.0,216.0
1.15,1.0,32.202484376209235,28.56801328431942,21.426779568890993,15.57746211165039,11.830113326168004,311.0,312.0,214.0
1.2,1.0,31.064449134018133,26.7178186690999,26.699076147862428,14.919489668869915,11.837025388719098,313.0,309.0,210.0
1.25,1.0,31.906112267087632,26.565051177077976,27.255328374943076,14.27355313142209,12.482961926166865,314.0,309.0,208.0
1.3,1.0,31.906112267087632,25.878524603016473,28.35703449014943,14.27355313142209,12.482961926166865,313.0,310.0,207.0
1.35,1.0,31.38470965295043,26.78941520147427,28.89190541655978,17.256795527993688,11.837025388719098,311.0,310.0,201.0
1.4,1.0,31.906112267087632,28.680349579475376,28.686147573739447,14.27355313142209,12.482961926166865,307.0,308.0,197.0
1.45,1.0,31.064449134018133,28.27223089213527,30.435158494807297,14.27355313142209,12.812139290997635,305.0,306.0,196.0
1.5,1.0,30.528675044947494,28.832232474935665,29.687181639193682,16.61085899054592,12.812139290997635,304.0,306.0,194.0
1.55,1.0,29.154759474226502,29.089388969753998,30.239550697907646,16.61085899054592,13.457723831316542,300.0,304.0,192.0
1.6,1.0,28.30194339616981,30.966741153600907,29.687181639193682,16.61085899054592,13.457723831316542,298.0,303.0,189.0
1.65,1.0,28.30194339616981,29.750311661774106,30.239550697907646,12.893744044882197,13.995008657116074,298.0,303.0,188.0
1.7,1.0,27.784887978899608,29.750311661774106,30.239550697907646,12.893744044882197,13.995008657116074,298.0,304.0,188.0
1.75,1.0,28.653097563788805,30.2845602988466,28.118454301246175,12.893744044882197,13.995008657116074,298.0,309.0,188.0
1.8,1.0,29.5296461204668,30.2845602988466,28.118454301246175,13.541971506472976,13.346781195525153,298.0,310.0,189.0
1.85,1.0,29.068883707497267,29.7226650206174,30.80144597613682,13.541971506472976,14.659656712221647,295.0,304.0,190.0
1.9,1.0,29.068883707497267,30.39728259749063,30.80144597613682,13.541971506472976,14.659656712221647,294.0,301.0,189.0
1.95,1.0,28.178005607210743,32.31699673714516,30.239550697907646,10.474234828225832,15.669186988672493,292.0,298.0,190.0
2.0,1.0,28.178005607210743,32.31699673714516,28.118454301246175,13.541971506472976,14.347601582896203,293.0,300.0,190.0
2.05,1.0,28.178005607210743,32.31699673714516,28.118454301246175,12.893744044882197,15.669186988672493,293.0,306.0,192.0
2.1,1.0,28.178005607210743,32.31699673714516,28.118454301246175,10.474234828225832,15.30788417381251,294.0,309.0,192.0
2.15,1.0,28.178005607210743,32.97615350499231,27.56608524253224,11.011519654025363,13.792565483959976,296.0,312.0,193.0
2.2,1.0,29.5296461204668,31.848261127420074,25.205927785840544,11.011519654025363,13.134022306396304,302.0,315.0,193.0
2.25,1.0,29.154759474226502,32.38318450659381,24.671004406666754,13.4310288706817,13.134022306396304,304.0,316.0,194.0
2.3,1.0,29.68164415931166,32.23825388412607,24.155012337114414,13.4310288706817,12.482961926166865,306.0,316.0,194.0
2.35,1.0,30.528675044947494,32.10625595511783,22.750976342787652,13.4310288706817,11.203434865229355,310.0,318.0,195.0
2.4,1.0,31.064449134018133,33.430877529445496,22.225341736330023,15.605772985291708,10.223184480228582,311.0,321.0,192.0
2.45,1.0,31.064449134018133,34.10432744711508,21.690064652523404,15.605772985291708,10.223184480228582,311.0,320.0,191.0
2.5,1.0,31.064449134018133,34.10432744711508,21.690064652523404,15.605772985291708,9.863534383212766,311.0,320.0,191.0
2.55,1.0,29.410882339705484,34.75116111800193,22.21551735722312,16.478952250626463,10.582583722323278,305.0,318.0,189.0
2.6,1.0,23.853720883753127,34.09441511679711,23.09391874509231,16.478952250626463,11.225467012585227,302.0,306.0,187.0
2.65,1.0,21.633307652783937,34.22552651154433,23.09391874509231,16.478952250626463,11.588335431201472,301.0,305.0,187.0
2.7,1.0,26.92582403567252,30.648707537584897,28.17105416636022,14.32683664578613,10.93799951617504,300.0,303.0,187.0
2.75,1.0,27.202941017470888,28.081178649911465,28.17105416636022,15.068488159492205,11.038872263209385,300.0,301.0,186.0
2.8,1.0,26.076809620810597,26.7823350322428,22.587751054646816,17.028415418618607,11.68496643631363,303.0,301.0,190.0
2.85,1.0,25.553864678361276,26.987334087826042,19.418869044317006,17.676642880209414,11.036738974722766,303.0,302.0,191.0
2.9,1.0,34.92849839314596,32.63957660659116,10.24337893654726,17.676642880209414,11.036738974722766,309.0,308.0,197.0
2.95,1.0,36.40054944640259,33.893784994676565,8.130102354156008,17.676642880209414,11.036738974722766,311.0,310.0,198.0
3.0,1.0,38.27531841800928,38.35644945693653,8.467640375439544,17.676642880209414,11.690859816735298,314.0,315.0,201.0
3.05,0.0,38.62641583165593,42.630134448079104,5.221761121917382,15.716715621083011,12.035319270965147,316.0,315.0,203.0
3.1,0.0,37.16180835212409,42.36163872475703,4.544867740775004,16.25170952273953,11.155865915078891,317.0,315.0,205.0
3.15,0.0,38.58756276314948,43.841392683224,6.197462341295079,14.734937850909944,10.497893472298358,318.0,318.0,204.0
3.2,0.0,41.86884283091664,47.13161324300313,6.277298489597541,14.734937850909944,10.497893472298358,318.0,317.0,204.0
3.25,0.0,43.18564576337837,48.20787665658932,8.98108106068321,14.076965408129496,11.817990246724008,317.0,318.0,204.0
3.3,0.0,41.012193308819754,53.33313403273077,7.542119221844416,11.65745619147313,12.488085768948537,316.0,318.0,200.0
3.35,0.0,41.036569057366385,54.07140316569483,9.87510152381418,14.734937850909944,12.16322457008934,315.0,317.0,198.0
3.4,0.0,39.824615503479755,60.51099311630168,12.593896349399955,14.734937850909944,12.16322457008934,308.0,317.0,192.0
3.45,0.0,39.408120990476064,64.10692358425482,11.433681265426657,17.77975245919339,12.97021484300302,305.0,316.0,190.0
3.5,0.0,38.600518131237564,73.34777266563624,2.0237438392341005,13.541971506472976,14.347601582896203,291.0,305.0,178.0
3.55,0.0,42.2965719651132,69.37748265721457,6.724596575459088,10.474234828225832,15.669186988672493,290.0,306.0,176.0
3.6,1.0,50.24937810560445,71.99583839408662,14.378210961627104,13.541971506472976,14.347601582896203,278.0,300.0,166.0
3.65,1.0,53.46026561849464,69.22320732595419,19.199696903193143,16.721801626337225,14.347601582896203,276.0,301.0,163.0
3.7,1.0,71.84010022264724,81.45462347804036,9.637538112930969,22.033598753660158,18.62408935690661,268.0,296.0,155.0
3.75,1.0,90.62008607367353,78.57955760866471,22.50872885489605,29.054604099077153,19.798876354524907,256.0,293.0,145.0
3.8,1.0,95.75489543621255,73.22577090840755,26.435178079870525,28.823218555094087,21.737959036638642,256.0,295.0,144.0
3.85,1.0,95.25754563287887,72.28957900075461,23.616562113015874,nan,nan,254.0,296.0,143.0
3.9,1.0,108.40664186294121,68.25031983330335,25.811202844007227,nan,nan,246.0,290.0,138.0
3.95,1.0,131.7459676802292,62.65012421993012,28.354961785324093,nan,nan,245.0,291.0,137.0
4.0,1.0,139.9428454762872,69.39226971719648,23.838740183171723,nan,nan,247.0,295.0,132.0
4.05,1.0,139.60659010233005,67.97038280513767,27.100297311190644,nan,nan,248.0,298.0,132.0
4.1,1.0,156.28499608087785,64.42555522789989,17.969139740157033,nan,nan,245.0,293.0,133.0
4.15,1.0,174.07182425654074,49.0216964022255,28.982559866058097,nan,nan,237.0,283.0,135.0
4.2,1.0,180.5602392554906,46.30060952992093,30.022279470448353,nan,nan,238.0,284.0,136.0
4.25,1.0,180.06943105369106,46.15843667156395,22.75343612810846,nan,nan,238.0,286.0,137.0
4.3,1.0,191.60375779195982,32.84679431494274,21.84374886864188,nan,nan,226.0,284.0,134.0
4.35,1.0,211.11608181282637,40.96507248386902,20.42446785016574,nan,nan,218.0,284.0,128.0
4.4,1.0,212.26869764522513,38.77302706065697,22.153670699618374,nan,nan,217.0,283.0,128.0
4.45,1.0,213.90184664934523,38.22304766748593,21.815480158837374,nan,nan,216.0,283.0,127.0
4.5,1.0,220.87100307645636,36.90838170762976,24.844324734445507,nan,nan,215.0,282.0,121.0
4.55,1.0,227.40712389896672,37.713662558342776,21.380388040428585,nan,nan,209.0,277.0,114.0
4.6,1.0,225.86943130932968,36.77606138090843,26.761343525062046,nan,143.2059405355625,210.0,277.0,117.0
4.65,1.0,228.89517251353294,35.17511247244872,27.679271131327198,nan,143.6757599475717,210.0,276.0,119.0
4.7,1.0,242.20033030530738,26.81095430034867,31.759480084812793,nan,nan,206.0,275.0,118.0
4.75,1.0,255.2038400965001,24.30393265407733,34.14010809297818,nan,nan,202.0,274.0,116.0
4.8,1.0,252.25780463644728,24.81848447101393,37.82516912249875,nan,153.27854580963876,203.0,274.0,115.0
4.85,1.0,253.88580109962825,24.2307826796968,34.60939573470276,nan,154.13364320590549,201.0,273.0,116.0
4.9,1.0,260.51679408437377,27.619253616860362,37.97696962297735,nan,154.5207330558193,198.0,270.0,114.0
4.95,1.0,268.19768828235635,31.263731694377412,39.75566188928482,nan,151.001504039847,197.0,270.0,110.0
5.0,1.0,270.4163456597992,33.62895205101111,36.35748115376876,nan,147.45969341274275,195.0,271.0,110.0
5.05,1.0,270.44038160008574,33.06847195003087,36.134708209287396,nan,146.84826623841442,194.0,271.0,110.0
5.1,1.0,266.83515510516975,32.200125724643016,39.25086632072902,nan,145.76339103958836,193.0,270.0,109.0
5.15,1.0,267.36678926149375,32.58570735391439,38.72270151040243,nan,145.42496323097598,193.0,270.0,109.0
5.2,1.0,266.27053911388697,32.46820766932109,37.86369384247325,nan,146.503198569538,192.0,269.0,107.0
5.25,1.0,259.9249891795708,32.35885245578527,38.102860852049446,nan,146.503198569538,192.0,269.0,106.0
5.3,1.0,258.21309029559285,30.95312503810763,40.680502742385755,nan,144.0394828033551,196.0,269.0,104.0
5.35,1.0,254.09643838511394,31.79028978582943,37.76016260337795,nan,143.82037955202105,194.0,268.0,103.0
5.4,1.0,252.9584946191766,31.79028978582943,37.76016260337795,nan,144.69410366398824,194.0,269.0,103.0
5.45,1.0,258.3060200614767,31.506828225797307,41.735716275981474,nan,148.3924977537511,195.0,269.0,103.0
5.5,1.0,255.86129054626454,31.18391084476471,43.14368580645652,nan,147.96519662530415,195.0,268.0,102.0
5.55,1.0,255.04901489713697,32.28636783672701,47.12109639666144,nan,147.53831828402306,194.0,268.0,101.0
5.6,1.0,254.82543044209697,32.2928864986834,43.732445269773734,nan,149.81941775179004,194.0,266.0,101.0
5.65,1.0,254.40125785852553,32.16352693605157,40.92543298210077,nan,151.00861299131964,193.0,265.0,101.0
5.7,1.0,252.6064132202506,31.53200134511289,40.22859780823592,nan,152.0749686409176,193.0,264.0,100.0
5.75,1.0,250.2258979402412,33.12242506634601,38.63382377536675,nan,152.29254510131318,191.0,262.0,100.0
5.8,1.0,240.4703723954367,34.89665280430401,89.46202726988774,nan,152.29254510131318,191.0,261.0,99.0
5.85,1.0,233.25736858671797,33.74989304967238,82.34934904464059,nan,152.29254510131318,191.0,259.0,94.0
5.9,1.0,234.69128658729537,34.05136476364851,81.06884697866582,nan,152.8210889598127,191.0,259.0,94.0
5.95,1.0,nan,34.10048872607416,77.45825773327311,nan,153.434948822922,190.0,259.0,96.0
6.0,1.0,nan,34.10048872607416,77.45825773327311,nan,154.45662787130138,190.0,260.0,97.0
6.05,1.0,nan,32.19908893752503,62.543626611139246,nan,154.240516934333,189.0,260.0,98.0
6.1,1.0,nan,30.983671644067158,51.37924816761313,nan,151.88233710328683,187.0,260.0,98.0
6.15,1.0,nan,30.369887364370868,48.626571783879626,nan,148.2911580921016,187.0,260.0,98.0
6.2,1.0,nan,28.456701234179036,51.41267213673851,nan,nan,187.0,260.0,98.0
6.25,1.0,nan,29.13978638831594,54.31392282839002,nan,nan,187.0,260.0,97.0
6.3,1.0,nan,29.13978638831594,64.8053998407216,nan,nan,187.0,260.0,97.0
6.35,1.0,nan,30.479774199803586,75.66456458047989,nan,nan,187.0,260.0,97.0
6.4,1.0,nan,30.479774199803586,90.59598175861743,nan,nan,187.0,260.0,98.0
6.45,1.0,nan,30.683606966871395,90.59598175861743,nan,nan,186.0,260.0,98.0
6.5,1.0,nan,31.331621650683218,82.82009309354486,nan,nan,187.0,260.0,98.0
6.55,1.0,nan,32.502467276559514,71.0418165948938,nan,nan,187.0,261.0,98.0
6.6,1.0,nan,32.502467276559514,65.52383848912902,nan,nan,188.0,261.0,98.0
6.65,1.0,nan,33.08286776556227,68.03387157906887,nan,nan,188.0,261.0,99.0
6.7,1.0,nan,33.29702020855606,52.61974557049601,nan,nan,188.0,261.0,99.0
6.75,1.0,nan,33.29702020855606,46.909152432996365,nan,nan,189.0,261.0,93.0
6.8,1.0,nan,33.29702020855606,44.66340986710131,nan,nan,189.0,261.0,91.0
6.85,1.0,nan,33.29702020855606,44.66340986710131,nan,nan,189.0,261.0,90.0
6.9,1.0,nan,33.08286776556227,60.94539590092286,nan,nan,190.0,262.0,96.0
6.95,1.0,nan,32.502467276559514,77.42106476250694,nan,nan,190.0,262.0,98.0
7.0,1.0,nan,32.502467276559514,81.64924746766859,nan,nan,191.0,262.0,99.0
7.05,1.0,nan,32.502467276559514,85.36453657309735,nan,nan,191.0,262.0,100.0
7.1,1.0,nan,33.22443616406244,85.21849246030091,nan,155.2466200755882,190.0,262.0,100.0
7.15,1.0,nan,31.73123883957595,89.66047342903944,nan,155.9809815529051,190.0,262.0,100.0
7.2,1.0,nan,33.02060339699466,85.21849246030091,nan,156.09433529826387,190.0,262.0,100.0
7.25,1.0,nan,33.20130435690055,69.9302469191996,nan,157.54717766764048,189.0,263.0,99.0
7.3,1.0,nan,34.487596845606504,60.461217740441896,nan,157.95067763021842,190.0,264.0,90.0
7.35,1.0,nan,31.906331179732575,61.01117747880846,nan,nan,190.0,264.0,87.0
7.4,1.0,nan,30.602929103076406,59.39707089692358,nan,nan,191.0,265.0,85.0
7.45,1.0,nan,30.592614973292825,48.621484704117336,nan,nan,192.0,266.0,84.0
7.5,1.0,nan,31.893924373484055,50.162603815925536,nan,nan,192.0,266.0,84.0
7.55,1.0,nan,31.893924373484055,54.182186303763004,nan,nan,192.0,266.0,84.0
7.6,1.0,nan,32.08512203811884,65.9297863584012,nan,nan,192.0,267.0,84.0
7.65,1.0,nan,32.52092819807237,69.30454926593673,nan,nan,192.0,267.0,85.0
7.7,1.0,nan,32.52092819807237,53.890423257363864,nan,nan,193.0,270.0,81.0
7.75,1.0,nan,31.71257844339854,43.269060925450816,nan,nan,193.0,269.0,80.0
7.8,1.0,nan,31.890791801845694,41.03073654328048,nan,nan,193.0,268.0,79.0
7.85,1.0,nan,30.18058224820996,40.971736333514826,nan,nan,192.0,267.0,78.0
7.9,1.0,234.241328548145,31.024564684801277,38.939255046714095,nan,nan,191.0,267.0,78.0
7.95,1.0,234.47174669882938,30.546725571214438,42.11137845015705,nan,158.68064910803452,190.0,267.0,77.0
8.0,1.0,235.28705871764387,30.712753997048452,40.0977397583284,nan,157.74424872237432,190.0,267.0,77.0
8.05,1.0,234.71045992882378,30.712753997048452,40.0977397583284,nan,157.8621595385075,190.0,266.0,77.0
8.1,1.0,234.71045992882378,32.06739160326046,39.443961576874955,nan,159.43808130227072,190.0,266.0,76.0
8.15,1.0,233.3173804070327,31.413613421807014,40.0977397583284,nan,159.03428815944258,190.0,267.0,76.0
8.2,1.0,233.3173804070327,31.58348605264993,38.16159664147645,nan,159.03428815944258,190.0,267.0,75.0
8.25,1.0,233.3173804070327,31.58348605264993,38.16159664147645,nan,159.5544690115904,189.0,267.0,74.0
8.3,1.0,233.89313799254566,30.918717410614846,38.43607309480578,nan,159.492990291252,186.0,267.0,74.0
8.35,1.0,231.68297304722245,32.27912670559704,37.77130445277069,nan,160.1342319782816,183.0,263.0,73.0
8.4,1.0,230.8679276123039,32.27912670559704,37.77130445277069,nan,162.11864937803463,180.0,266.0,72.0
8.45,1.0,232.03448019637082,32.23540852097187,38.26951606538435,nan,159.94390526342457,183.0,267.0,73.0
8.5,1.0,231.22499864850255,30.3159525324576,40.930605783867435,nan,159.75602569332736,183.0,267.0,72.0
8.55,1.0,234.58047659598614,30.3159525324576,39.352797642093236,nan,159.4950205240369,184.0,268.0,74.0
8.6,1.0,235.71593073019056,30.2332868492814,39.20766799504105,nan,159.4950205240369,184.0,267.0,75.0
8.65,1.0,232.07757323791543,30.956312621564138,39.06523961812363,nan,158.21064347879818,184.0,268.0,75.0
8.7,1.0,232.42202993692314,28.714007828615877,37.31809538374853,nan,157.74034951302164,186.0,269.0,76.0
8.75,1.0,231.2055362658948,29.10814528616794,36.64442350779731,nan,155.02494250203716,187.0,270.0,76.0
8.8,1.0,232.0021551624036,27.90592990643154,38.43607309480578,nan,153.56939311159329,188.0,271.0,76.0
8.85,1.0,236.20541907416094,26.203179802963405,37.66495607455104,nan,152.54572874569632,191.0,271.0,77.0
8.9,1.0,236.81216184985095,25.842494261557675,34.62028975043225,nan,nan,190.0,271.0,77.0
8.95,1.0,237.42156599601478,24.984673164042135,33.15565994522683,nan,nan,190.0,271.0,77.0
9.0,1.0,237.42156599601478,25.62841887821756,30.963756532073518,nan,nan,190.0,271.0,78.0
9.05,1.0,239.0083680543424,24.27802480840981,31.607502246248885,nan,nan,192.0,270.0,79.0
9.1,1.0,240.4100663449848,22.980284131670828,31.35708522400995,nan,nan,191.0,270.0,83.0
9.15,1.0,239.20075250717753,22.980040206892255,31.49525805787289,nan,nan,190.0,272.0,85.0
9.2,1.0,241.13274352522097,23.695155449871436,28.14432330306309,nan,nan,191.0,272.0,87.0
9.25,1.0,242.24987100099764,23.695155449871436,27.848986849116045,nan,nan,190.0,273.0,88.0
9.3,1.0,246.98582955303326,22.920325416919013,32.082541200874914,nan,nan,190.0,274.0,89.0
9.35,1.0,243.02263269086689,24.27148484841382,27.650971507736557,nan,nan,190.0,276.0,89.0
9.4,1.0,241.4787775354182,24.27148484841382,27.650971507736557,nan,nan,190.0,278.0,88.0
9.45,1.0,237.39418695494632,22.945071019876167,24.161179987944536,nan,nan,190.0,277.0,89.0
9.5,1.0,237.54157530840786,22.920325416919013,24.035838757996032,nan,nan,189.0,277.0,89.0
9.55,1.0,238.32121181296472,22.90210788431125,23.90766049417249,nan,nan,188.0,276.0,89.0
9.6,1.0,238.32121181296472,22.75927046252022,25.55996517182382,nan,nan,188.0,276.0,89.0
9.65,1.0,236.9155967850154,22.78119717548614,23.724225120105814,nan,nan,188.0,275.0,88.0
9.7,1.0,236.13555429032706,22.65724760245891,23.02971923144443,nan,nan,188.0,276.0,87.0
9.75,1.0,236.13555429032706,21.97767582314185,26.129166082046964,nan,nan,188.0,276.0,89.0
9.8,1.0,236.13555429032706,21.97767582314185,26.129166082046964,nan,nan,188.0,276.0,91.0
9.85,1.0,233.173754955398,21.97767582314185,19.62020964154442,nan,nan,188.0,276.0,91.0
9.9,1.0,233.173754955398,21.95655975754613,19.500793850483603,nan,nan,187.0,276.0,92.0
9.95,1.0,232.54461937443318,22.21932677119449,19.378558693491726,nan,nan,186.0,276.0,92.0
10.0,1.0,232.69937687926884,22.21932677119449,24.32883092778343,nan,nan,185.0,276.0,92.0
10.05,1.0,232.07757323791543,22.09709161420261,29.045319416041707,nan,nan,185.0,276.0,90.0
10.1,1.0,231.29418496797535,20.984683952285593,27.623784900280782,nan,nan,185.0,276.0,91.0
10.15,1.0,229.10696191953662,21.0820579462401,27.830414842488892,nan,nan,185.0,276.0,92.0
10.2,1.0,229.10696191953662,19.769029513401392,28.5596204783198,nan,nan,185.0,276.0,93.0
10.25,1.0,229.73245308401684,19.769029513401392,26.384876363709736,nan,nan,186.0,275.0,93.0
10.3,1.0,233.64930986416374,20.34941527737533,30.05437608287437,nan,nan,186.0,272.0,93.0
10.35,1.0,234.61670869739862,20.983287906423698,29.79910441594032,nan,nan,186.0,271.0,94.0
10.4,1.0,235.05318547086316,21.025438335591588,28.30829766138379,nan,nan,186.0,271.0,94.0
10.45,1.0,234.26694175662087,21.025438335591588,26.270966964563854,nan,nan,186.0,271.0,95.0
10.5,1.0,234.26694175662087,21.650254195904893,23.498565675952108,nan,nan,186.0,271.0,95.0
10.55,1.0,234.88720697390056,21.650254195904893,22.084142464549956,nan,nan,186.0,271.0,94.0
10.6,1.0,234.88720697390056,20.79372101033337,23.60946953843748,nan,nan,186.0,270.0,94.0
10.65,1.0,233.32380932943812,20.7650252685886,18.86310224904949,nan,nan,187.0,270.0,95.0
10.7,1.0,234.10467744152402,20.140209408275325,24.123381536265384,nan,nan,187.0,271.0,96.0
10.75,1.0,235.51008470976353,20.7650252685886,21.238063764810846,nan,nan,187.0,271.0,96.0
10.8,1.0,232.69937687926884,18.74613521269484,23.865760119632768,nan,nan,185.0,268.0,96.0
10.85,1.0,234.30749027719963,18.936034230611853,26.0099641081747,nan,nan,185.0,266.0,95.0
10.9,1.0,230.36058690670154,18.2907886530964,28.400524435466565,nan,nan,185.0,265.0,95.0
10.95,1.0,nan,17.13046991672431,32.10286175592671,nan,nan,185.0,264.0,95.0
11.0,1.0,nan,16.481567513359295,34.55720248276336,nan,nan,184.0,265.0,95.0
11.05,1.0,nan,18.019769281777144,33.891457837247515,nan,nan,184.0,266.0,95.0
11.1,1.0,nan,19.489421050990956,33.31234232139434,nan,nan,184.0,266.0,95.0
11.15,1.0,nan,20.14394053797122,30.21375477677867,nan,nan,184.0,266.0,95.0
11.2,1.0,nan,19.676060452608198,29.930504123260903,nan,nan,184.0,267.0,95.0
11.25,1.0,231.29418496797535,19.499488572241575,26.182872657241546,nan,nan,185.0,267.0,95.0
11.3,1.0,231.91808898833224,18.69197293387728,26.182872657241546,nan,nan,185.0,268.0,94.0
11.35,1.0,232.54461937443318,18.69197293387728,24.579592592561028,nan,nan,185.0,268.0,94.0
11.4,1.0,230.84193726444076,19.484185357246247,26.41981503817857,nan,nan,185.0,268.0,94.0
11.45,1.0,232.42202993692314,19.61936740066409,29.56131515044808,nan,nan,185.0,269.0,95.0
11.5,1.0,234.61670869739862,20.34941527737533,27.21435493408964,nan,nan,185.0,270.0,95.0
11.55,1.0,236.20541907416094,20.551051427040022,30.15429388307797,nan,nan,185.0,270.0,94.0
11.6,1.0,240.6013300046365,21.692084411430812,31.343067637460337,nan,nan,185.0,270.0,93.0
11.65,1.0,238.8242031285774,21.650254195904893,31.442037486542517,nan,nan,185.0,270.0,93.0
11.7,1.0,238.8242031285774,22.27262985950216,30.81966182294522,nan,nan,185.0,269.0,94.0
11.75,1.0,240.05207768315609,22.155263081655306,30.937028600792075,nan,nan,185.0,268.0,94.0
11.8,1.0,238.64827675891564,21.409633758569157,28.775949112565712,nan,nan,184.0,269.0,94.0
11.85,1.0,238.8242031285774,19.914161951749435,31.10532717816733,nan,nan,185.0,269.0,94.0
11.9,1.0,237.60681808399355,19.16412846492409,30.722881369997424,nan,nan,185.0,269.0,94.0
11.95,1.0,237.00210969525145,19.78650412852133,27.845930740465093,nan,nan,185.0,270.0,94.0
12.0,1.0,236.40008460235373,19.79177554938414,27.725991468334286,nan,nan,185.0,270.0,94.0
12.05,1.0,242.75913988972692,19.91437174387653,25.813484665595837,nan,nan,186.0,270.0,95.0
12.1,1.0,241.4787775354182,19.91437174387653,25.813484665595837,nan,nan,186.0,271.0,95.0
12.15,1.0,243.02263269086689,19.91437174387653,24.161179987944536,nan,nan,186.0,272.0,95.0
12.2,1.0,240.05207768315609,19.91437174387653,24.781239974030086,nan,nan,186.0,272.0,95.0
12.25,1.0,238.21418933388497,19.79177554938414,26.471539845652757,nan,nan,186.0,271.0,95.0
12.3,1.0,239.80408670412604,18.434948822921996,27.100510162642507,nan,nan,185.0,271.0,95.0
12.35,1.0,240.80074750714542,18.434948822921996,29.1676133795778,nan,nan,185.0,271.0,95.0
12.4,1.0,240.80074750714542,18.447949907226445,29.051747451549318,nan,nan,185.0,271.0,95.0
12.45,1.0,240.80074750714542,18.447949907226445,29.051747451549318,nan,nan,185.0,269.0,94.0
12.5,1.0,241.60298011407062,18.447949907226445,29.051747451549318,nan,nan,185.0,269.0,94.0
12.55,1.0,241.60298011407062,19.16687465934973,29.051747451549318,nan,nan,185.0,269.0,94.0
12.6,1.0,241.60298011407062,18.55153514531014,28.56133146406043,nan,nan,185.0,268.0,94.0
12.65,1.0,242.40668307618913,18.393946393558167,32.49204143947006,nan,nan,185.0,268.0,94.0
12.7,1.0,242.40668307618913,18.393946393558167,32.49204143947006,nan,nan,185.0,267.0,94.0
12.75,1.0,242.40668307618913,18.393946393558167,32.49204143947006,nan,nan,185.0,267.0,94.0
12.8,1.0,243.00205760445732,17.045920564625987,33.14440993256406,nan,nan,185.0,268.0,94.0
12.85,1.0,244.60989350392188,17.045920564625987,33.14440993256406,nan,nan,185.0,269.0,94.0
12.9,1.0,240.63665556186572,18.46611041131783,36.95036919337093,nan,nan,185.0,270.0,95.0
12.95,1.0,241.81397809059757,19.818885625267427,33.81824578980331,nan,nan,185.0,270.0,96.0
13.0,1.0,239.61009995407122,19.79177554938414,36.79249420815049,nan,nan,185.0,269.0,97.0
13.05,1.0,238.8053600738476,19.802575242803414,39.138015927486606,nan,nan,185.0,269.0,97.0
13.1,1.0,237.2003372678884,19.802575242803414,39.138015927486606,nan,nan,186.0,269.0,97.0
13.15,1.0,236.40008460235373,20.435531437994428,36.03694181846706,nan,nan,186.0,269.0,97.0
13.2,1.0,236.40008460235373,20.435531437994428,33.3106308245608,nan,nan,186.0,269.0,98.0
13.25,1.0,237.86130412490385,21.890934068985757,38.917163452589165,nan,nan,187.0,270.0,98.0
13.3,1.0,239.7269279826528,21.75430250412944,35.805572453983956,nan,nan,189.0,271.0,94.0
13.35,1.0,234.61670869739862,21.75430250412944,30.35295046617145,nan,nan,188.0,271.0,94.0
13.4,1.0,230.84193726444076,21.143496438227317,15.255118703057775,nan,nan,188.0,273.0,94.0
13.45,1.0,229.43844490407443,20.53007469998525,14.320382742321897,nan,nan,188.0,274.0,94.0
13.5,1.0,228.82526084329064,20.52052992296464,10.9875319727268,nan,nan,188.0,275.0,95.0
13.55,1.0,230.67292862405853,20.52052992296464,7.621071309297008,nan,nan,188.0,276.0,97.0
13.6,1.0,230.05434140654683,20.516761509288358,7.501132037166258,nan,nan,188.0,276.0,97.0
13.65,1.0,233.32380932943812,20.396822237157494,5.131518387297888,nan,nan,188.0,276.0,98.0
13.7,1.0,236.76359517459605,20.896003473452282,1.3705847998598415,nan,nan,188.0,276.0,98.0
13.75,1.0,241.6298822579691,20.904802696317432,11.638459719430415,nan,nan,189.0,278.0,98.0
13.8,1.0,245.83937845674765,20.79001703794549,17.250662948755263,nan,nan,190.0,278.0,98.0
13.85,1.0,243.03291958086666,20.116338196919884,17.365234923637956,nan,nan,190.0,279.0,97.0
13.9,1.0,242.42112119202815,20.116338196919884,18.77617574402069,nan,nan,191.0,279.0,97.0
13.95,1.0,242.42112119202815,20.14713867103407,22.687034647061154,nan,nan,191.0,279.0,97.0
14.0,1.0,240.6013300046365,20.92581015650748,19.405223382002816,nan,nan,191.0,280.0,97.0
14.05,1.0,240.0,20.92581015650748,21.0899076998991,nan,nan,191.0,280.0,97.0
14.1,1.0,240.80074750714542,20.92581015650748,21.0899076998991,nan,nan,191.0,280.0,97.0
14.15,1.0,239.80408670412604,20.885215461485558,18.50551009206862,nan,nan,190.0,279.0,98.0
14.2,1.0,241.81191037663964,20.885215461485558,16.8995071027864,nan,nan,190.0,279.0,98.0
14.25,1.0,240.6013300046365,21.566170245614046,18.366982331061678,nan,nan,190.0,279.0,99.0
14.3,1.0,240.0,21.566170245614046,20.449547610792564,nan,nan,190.0,279.0,100.0
14.35,1.0,239.20075250717753,21.51886208582752,20.598174461632937,nan,nan,191.0,279.0,99.0
14.4,1.0,241.40008285002722,21.335031675234887,27.00130502697843,nan,nan,191.0,280.0,99.0
14.45,1.0,242.20033030530738,21.873479611251184,32.47119229084848,nan,nan,192.0,280.0,98.0
14.5,1.0,243.6000821017924,21.165939124222263,30.18058224820996,nan,nan,192.0,279.0,98.0
14.55,1.0,244.20073709962466,20.557869954993095,30.95816506341623,nan,nan,191.0,279.0,99.0
14.6,1.0,244.20073709962466,20.557869954993095,30.95816506341623,nan,nan,191.0,279.0,99.0
14.65,1.0,243.80525014855607,20.796947145964765,28.863598336615553,nan,nan,190.0,277.0,100.0
14.7,1.0,247.85883078881818,20.167891237648547,31.71513351509782,nan,nan,189.0,276.0,100.0
14.75,1.0,250.34775812856802,22.403103893989567,29.639234619782314,nan,nan,189.0,276.0,101.0
14.8,1.0,250.34775812856802,23.356423771183444,31.725288140060258,nan,nan,189.0,276.0,101.0
14.85,1.0,250.19992006393608,21.957603495147822,32.19832709060705,nan,nan,189.0,276.0,101.0
14.9,1.0,244.9346851713738,21.957603495147822,20.009693888675173,nan,nan,189.0,276.0,100.0
14.95,1.0,244.59149617270018,20.566678641786694,10.781331249421868,nan,nan,189.0,276.0,98.0
15.0,1.0,238.17010727629108,19.062334608153407,7.553510686391775,nan,nan,189.0,275.0,97.0
15.05,1.0,233.30880823492285,19.062334608153407,3.9630517298364794,nan,nan,189.0,274.0,94.0
15.1,1.0,229.58440713602482,18.424644753342733,1.0359203797658267,nan,nan,189.0,273.0,93.0
15.15,1.0,241.58021442162848,17.836439183377536,3.0355691250554457,nan,nan,190.0,274.0,93.0
15.2,1.0,244.989795705862,18.67537852439878,3.4014825291863247,nan,nan,190.0,274.0,93.0
15.25,1.0,244.92039523077696,18.616345981021908,2.9419486536151,nan,nan,189.0,275.0,93.0
15.3,1.0,244.24782496472716,19.875470068512783,3.451753908222031,nan,nan,190.0,274.0,92.0
15.35,1.0,235.07658326596462,20.51357594589055,1.3631550597873456,nan,nan,188.0,273.0,92.0
15.4,1.0,234.72963170422264,20.424322425591555,5.070207404067247,nan,nan,188.0,273.0,92.0
15.45,1.0,232.39836488237177,21.200893414747952,3.4533162505310315,nan,nan,188.0,269.0,91.0
15.5,1.0,231.49082055234933,22.198277848357918,9.260221531171453,nan,nan,189.0,268.0,91.0
15.55,1.0,228.95414388038492,24.480619294333366,10.080597987542347,nan,nan,188.0,268.0,93.0
15.6,1.0,240.80074750714542,27.482686057959853,20.841963049150934,nan,nan,188.0,268.0,94.0
15.65,1.0,218.66183937761065,52.0696084147212,55.226220668955605,nan,nan,163.0,241.0,63.0
15.7,1.0,110.86027241532469,9.51555868934949,18.31989721146809,nan,nan,15.0,127.0,-9.0
15.75,1.0,108.55873986004075,27.0234076350784,29.291362170984257,nan,nan,12.0,128.0,-7.0
15.8,1.0,128.9961239727768,45.46580908276499,32.47119229084848,nan,nan,5.0,123.0,-5.0
15.85,1.0,139.70325694127536,37.61936364115917,156.8014094863518,nan,nan,4.0,119.0,-5.0
15.9,1.0,132.00378782444085,45.419741791335326,65.55604521958347,nan,nan,1.0,116.0,-6.0
15.95,1.0,nan,75.51023740611555,nan,nan,nan,3.0,117.0,-8.0
16.0,1.0,nan,nan,nan,nan,nan,5.0,118.0,-8.0
16.05,1.0,nan,nan,nan,nan,nan,9.0,125.0,-9.0
16.1,1.0,nan,nan,nan,nan,nan,9.0,128.0,-12.0
16.15,1.0,nan,nan,nan,nan,nan,4.0,124.0,-15.0
16.2,1.0,nan,nan,nan,nan,nan,2.0,121.0,-12.0
16.25,1.0,nan,nan,nan,nan,nan,3.0,120.0,-11.0
16.3,1.0,nan,nan,nan,nan,nan,2.0,115.0,-17.0
16.35,1.0,nan,nan,nan,nan,nan,-2.0,110.0,-19.0
16.4,1.0,nan,nan,nan,nan,nan,4.0,115.0,-15.0
16.45,1.0,nan,nan,nan,nan,nan,5.0,116.0,-12.0
16.5,1.0,nan,nan,nan,nan,nan,1.0,117.0,-12.0
16.55,1.0,nan,nan,nan,nan,nan,-2.0,111.0,-10.0
16.6,1.0,nan,nan,nan,nan,nan,-7.0,107.0,-7.0
16.65,1.0,nan,nan,nan,nan,nan,-4.0,105.0,-6.0
16.7,1.0,nan,nan,nan,nan,nan,-8.0,105.0,-8.0
16.75,1.0,nan,nan,nan,nan,nan,-13.0,102.0,-10.0
16.8,1.0,nan,nan,nan,nan,nan,-7.0,109.0,-6.0
16.85,1.0,nan,nan,nan,nan,nan,-7.0,107.0,-6.0
16.9,1.0,nan,nan,nan,nan,nan,-8.0,105.0,-12.0
16.95,1.0,nan,nan,nan,nan,nan,-27.0,83.0,-13.0
17.0,1.0,nan,nan,nan,nan,nan,-30.0,68.0,-9.0
17.05,1.0,nan,nan,nan,nan,nan,-25.0,62.0,-15.0
17.1,1.0,nan,nan,nan,nan,nan,-27.0,58.0,-6.0
17.15,1.0,nan,nan,nan,nan,135.0546194110172,-28.0,53.0,-7.0
17.2,1.0,nan,nan,nan,nan,133.94559549647815,-26.0,55.0,-8.0
17.25,1.0,nan,nan,nan,55.66978280449668,122.31561840763275,-22.0,53.0,-10.0
17.3,1.0,nan,nan,nan,54.22736719428933,127.62024307170526,-21.0,50.0,-12.0
17.35,1.0,nan,nan,nan,54.70039194394579,128.29582650936538,-21.0,47.0,-13.0
17.4,1.0,nan,nan,nan,50.15390856122781,133.1852076342591,-25.0,39.0,-11.0
17.45,1.0,nan,nan,nan,55.035854175069545,129.0763746696489,-30.0,30.0,-10.0
17.5,1.0,nan,nan,nan,53.13010235415598,131.72101374114555,-26.0,33.0,-12.0
17.55,1.0,nan,nan,nan,50.31454566994475,134.53657042535679,-27.0,31.0,-14.0
17.6,1.0,nan,nan,nan,54.71325102494026,126.96834390551626,-28.0,26.0,-13.0
17.65,1.0,nan,nan,nan,60.94539590092286,123.81824578980331,-24.0,29.0,-11.0
17.7,1.0,nan,nan,nan,84.45270041257824,95.27465007740797,-19.0,29.0,-10.0
17.75,1.0,nan,nan,nan,72.52907187245663,101.68224637842054,-18.0,28.0,-10.0
17.8,1.0,nan,nan,nan,99.22392228210535,79.07239784402765,-17.0,30.0,-9.0
17.85,1.0,nan,nan,nan,104.24560592044139,77.06424199523387,5.0,32.0,-5.0
17.9,1.0,nan,nan,nan,65.17544523081663,105.48158305539896,7.0,38.0,-6.0
17.95,1.0,nan,nan,nan,61.051921795866036,106.7430382937315,25.0,45.0,27.0
18.0,1.0,nan,nan,nan,49.184916125118406,120.69041221948376,18.0,47.0,11.0
18.05,1.0,nan,nan,nan,61.18920625702694,113.12652038874882,38.0,69.0,18.0
18.1,1.0,nan,nan,nan,72.89727103094764,102.85711818494947,37.0,65.0,7.0
18.15,1.0,nan,nan,nan,70.40771810894847,103.51039912280305,28.0,63.0,7.0
18.2,1.0,nan,nan,nan,54.111357044784,122.03215276516683,21.0,63.0,-15.0
18.25,1.0,nan,nan,nan,59.931417178137536,114.39373938616316,-1.0,58.0,-33.0
18.3,1.0,nan,nan,nan,64.37158112178246,110.74608027568341,-17.0,53.0,-33.0
18.35,1.0,nan,nan,nan,39.313965703479425,130.56265960061532,44.0,80.0,35.0
18.4,1.0,nan,nan,nan,45.0,115.36508231958521,74.0,91.0,56.0
18.45,1.0,nan,nan,nan,80.66500153686177,78.38752787618708,87.0,122.0,58.0
18.5,1.0,nan,nan,nan,66.72709593591802,76.06688882381428,137.0,147.0,104.0
18.55,1.0,nan,nan,nan,62.246410213713204,79.9314620053544,240.0,281.0,120.0
18.6,1.0,178.94133116750865,nan,nan,78.146995832256,81.37264685593476,239.0,285.0,117.0
18.65,1.0,182.52944967867515,nan,nan,50.92062071404678,98.95453368757072,242.0,289.0,121.0
18.7,1.0,181.34221791960084,64.53434067401564,27.831192891377555,33.37659830374801,118.26220736667827,235.0,289.0,116.0
18.75,1.0,181.1767093199344,68.25120058638677,27.70880355766522,14.083536713077763,132.77007645298167,232.0,288.0,120.0
18.8,1.0,177.99157283422156,74.63496900189912,29.862397544099025,12.414292646085585,126.10097032112157,228.0,287.0,118.0
18.85,1.0,175.80102388780332,75.7731525129312,29.73536319865562,9.685815249913958,119.82966646128568,232.0,287.0,124.0
18.9,1.0,175.80102388780332,74.85378968049017,28.712636605376503,9.575868986672816,125.37739710891711,234.0,287.0,127.0
18.95,1.0,163.7192719260625,72.25532837494308,28.201628218694708,3.1488563871511133,128.74634836663708,233.0,284.0,126.0
19.0,1.0,155.07740002979156,72.99880830792559,24.17004566020563,2.880377552847733,129.42099273484496,236.0,287.0,131.0
19.05,1.0,153.0261415575783,72.70574561069175,24.9903061113248,4.632970029475558,129.20415317997734,236.0,285.0,131.0
19.1,1.0,141.0319112825179,73.75019946435617,20.0052663338561,1.4741983384405444,140.5993393365206,241.0,293.0,137.0
19.15,1.0,141.94717327231282,76.53299054764139,16.976754042197115,5.527540151656126,141.41663703679018,242.0,302.0,138.0
19.2,1.0,141.315250415516,79.19889766131598,11.159943865032744,7.319913011738464,141.8268623384737,247.0,305.0,141.0
19.25,1.0,137.99275343292487,78.47627829610268,13.51656810879129,8.263336637031955,139.37942723505324,251.0,306.0,144.0
19.3,1.0,131.24404748406687,83.88705403634395,12.27509868692161,8.130102354156008,137.55481004584672,256.0,309.0,146.0
19.35,1.0,128.84486796143648,82.71468035785401,11.322684706062716,6.300410550847857,138.44496648539584,259.0,309.0,147.0
19.4,1.0,125.96031120952345,80.74217361998532,15.381201635846224,8.45502767717744,137.03644933515415,262.0,308.0,150.0
19.45,1.0,125.686116973992,79.55495206674023,20.58791161202248,4.992081166091651,137.29334544698634,263.0,306.0,151.0
19.5,1.0,121.45781160551181,79.7824526424794,22.82888998439381,3.2826949635881704,139.2958405112715,264.0,307.0,152.0
19.55,1.0,119.54915307102765,79.90975067067806,20.686993168324562,4.151011833031163,139.15144800970344,266.0,307.0,152.0
19.6,1.0,118.96217886370441,81.37506283204642,21.11000287921314,4.398705354995428,140.48928346058227,266.0,307.0,152.0
19.65,1.0,120.60265337047937,80.0493733120484,21.710722984820393,1.7961431524953184,140.48928346058227,266.0,298.0,154.0
19.7,1.0,120.88010589009261,79.09325747323646,20.74376139710438,0.29601459678150377,141.9894120162961,267.0,296.0,159.0
19.75,1.0,119.9208072020865,78.24869439487618,21.588324475464646,6.952957468173935,142.46781565933708,269.0,297.0,161.0
19.8,1.0,119.9208072020865,77.32665836279398,22.510360507546864,9.527493685183828,141.35455699056644,269.0,294.0,166.0
19.85,1.0,120.88010589009261,77.68301886599706,23.711367212177464,8.908339652237942,140.7125343363937,270.0,294.0,169.0
19.9,1.0,121.8400590938793,75.52865526951847,25.270532001537134,43.23823890487097,134.78776902359365,274.0,293.0,171.0
19.95,1.0,121.8400590938793,73.76276413371804,26.0593008114744,55.104412275594754,119.10803502500579,276.0,292.0,171.0
20.0,1.0,122.97154142320898,74.8700808517326,25.207995702954918,32.0578465178304,109.12691097428446,276.0,288.0,175.0
20.05,1.0,123.22743201089601,76.36039895042369,23.511401901992627,27.038258418456024,109.57036716942379,276.0,288.0,177.0
20.1,1.0,121.51131634543344,76.45010374328541,20.510859282963168,28.06019697904594,89.64357673134252,276.0,287.0,181.0
20.15,1.0,120.30378215168466,76.88292017172033,16.690186090174734,33.06797962077857,91.11872389081736,276.0,285.0,182.0
20.2,1.0,121.0495766204905,76.28985306512315,18.555065585131956,13.632442780338494,67.77454067863103,276.0,285.0,181.0
20.25,1.0,120.83045973594572,75.59034075690538,18.555065585131956,0.5095340134562605,63.25420563851296,278.0,284.0,180.0
20.3,1.0,120.83045973594572,75.59034075690538,18.555065585131956,2.539680450340626,63.51306476230867,279.0,283.0,181.0
20.35,1.0,120.41594578792295,77.24204981703501,14.176511170016283,0.5456575934158252,61.09483682316407,280.0,282.0,181.0
20.4,1.0,115.91807451816995,77.33733850480338,14.08122248224791,11.725112015165053,123.57256068768139,281.0,284.0,181.0
20.45,1.0,113.43720729989786,77.33733850480338,14.795596678006774,34.57147152256189,148.36862870122144,281.0,287.0,183.0
20.5,1.0,112.61438629233834,77.33733850480338,14.795596678006774,26.565051177078004,149.5657642465566,281.0,288.0,184.0
20.55,1.0,110.64357188738983,77.33733850480338,12.851577653070564,24.54346822205906,147.54021865366207,280.0,288.0,185.0
20.6,1.0,109.65856099730654,76.83894713442976,13.819596043133828,31.42956561483851,149.5657642465566,281.0,289.0,184.0
20.65,1.0,109.65856099730654,77.07473090430636,13.819596043133828,34.6996674979396,150.72092778582277,282.0,291.0,181.0
20.7,1.0,109.83624174196785,76.3693201147401,13.819596043133828,33.82058160437089,150.75438092367185,284.0,292.0,180.0
20.75,1.0,110.02272492535349,76.45010374328541,13.744684460410099,34.67453777169436,149.57256506309974,285.0,294.0,179.0
20.8,1.0,110.02272492535349,76.36039895042369,14.591558118330312,20.965711840557418,131.81228007303704,285.0,294.0,177.0
20.85,1.0,110.21796586763884,76.2733044558137,14.678652612940311,38.1378064843347,136.1437105710669,285.0,294.0,177.0
20.9,1.0,110.85576214162258,77.06975357313513,17.069817927122244,37.71597634558313,138.82604262095975,284.0,294.0,176.0
20.95,1.0,107.70793842609746,77.19573393471325,17.867882918316838,35.229186610186076,139.77299406773324,283.0,293.0,174.0
21.0,1.0,105.53672346628922,76.69060798320695,17.720772494252657,30.712827715158852,142.24513311111173,282.0,292.0,172.0
21.05,1.0,104.5609869884557,76.56004840625201,18.534248168065545,28.38335414152985,145.0237731508759,280.0,292.0,170.0
21.1,1.0,103.58571330062848,76.56004840625201,16.470428439608582,33.247868579290326,145.56245396435534,280.0,291.0,169.0
21.15,1.0,104.04806581575652,75.65426174614137,20.31873555608786,32.32473932504956,146.4855832185961,279.0,291.0,168.0
21.2,1.0,104.29285689825551,74.9713456492834,19.44003482817618,34.093947279029464,145.0237731508759,281.0,291.0,168.0
21.25,1.0,104.29285689825551,75.65426174614137,19.44003482817618,35.0019553084839,144.1157651214215,281.0,291.0,169.0
21.3,1.0,107.20074626605917,74.64127240533188,20.233920917651602,35.045860111777785,144.26038029933767,281.0,291.0,169.0
21.35,1.0,107.20074626605917,74.48489193437005,16.63946032595851,29.76563499684525,144.6366864940992,281.0,290.0,168.0
21.4,1.0,110.11357772772621,73.46111731593741,18.662854460680165,70.33350081948262,143.74391748197678,282.0,290.0,169.0
21.45,1.0,110.11357772772621,73.46111731593741,18.662854460680165,5.293879065206596,146.1354223863268,282.0,289.0,169.0
21.5,1.0,109.14210919713803,73.2253335460608,16.774666453939233,20.563204507252465,146.12121564733874,282.0,289.0,169.0
21.55,1.0,111.08555261599052,77.00060098795329,11.53462065364468,27.479876095505887,147.64041467042782,282.0,288.0,168.0
21.6,1.0,110.85576214162258,77.07331132901389,11.46191031258411,67.67453647678462,144.98424992931996,281.0,287.0,168.0
21.65,1.0,111.83022847155415,79.56442951020493,9.890900899440254,6.165450838813939,145.71834724436005,281.0,287.0,169.0
21.7,1.0,112.80514172678478,78.96516518269999,9.235559093165904,35.63155391689415,145.323287336978,281.0,287.0,169.0
21.75,1.0,113.26517558367179,78.77513012660005,9.984559630098005,35.666175462313134,146.29375179681324,281.0,287.0,169.0
21.8,1.0,114.23659658795863,78.3710520057529,11.404479879147061,31.607502246248885,145.92280471986925,281.0,288.0,170.0
21.85,1.0,114.47707194019246,78.3710520057529,10.762537223142488,38.65980825409008,142.40565565784783,281.0,289.0,170.0
21.9,1.0,114.47707194019246,76.56447663768078,14.329850309759422,41.27935704948476,141.8284962258359,281.0,289.0,171.0
21.95,1.0,110.11357772772621,76.96376848341505,11.472046211417108,45.41042120009442,137.69743207522626,280.0,289.0,172.0
22.0,1.0,107.93516572461452,76.27168858194054,12.113988867421654,45.818455461688615,135.1948828522386,280.0,289.0,173.0
22.05,1.0,106.96261028976434,75.40464751503147,15.035234663798718,45.818455461688615,135.78482460299188,280.0,290.0,173.0
22.1,1.0,108.17116066678771,76.16350568406972,14.26307204219566,45.621563523616686,135.39177479031054,281.0,290.0,175.0
22.15,1.0,108.17116066678771,75.47142578259522,14.26307204219566,47.792702365713296,135.38712775415095,282.0,290.0,178.0
22.2,1.0,108.41586599755591,75.91171678297472,12.724355685422353,48.445086463240216,137.33730585912383,282.0,290.0,179.0
22.25,1.0,108.66922287382016,75.83180640311032,12.804266065286754,42.56030199647196,132.52497072268676,281.0,289.0,180.0
22.3,1.0,107.96758772891057,75.03154360376502,15.492716871373005,41.19584136144189,130.77292724668288,280.0,288.0,179.0
22.35,1.0,107.96758772891057,74.35814043854802,16.20709106713187,41.19584136144189,130.23219527945386,281.0,287.0,178.0
22.4,1.0,106.7379969832674,74.4908579489776,14.168193596889694,38.19574043739158,129.72720900821446,281.0,287.0,177.0
22.45,1.0,107.00467279516349,74.4908579489776,14.168193596889694,39.03097713407038,140.5607463119046,281.0,287.0,177.0
22.5,1.0,112.08925015361643,74.23087262555303,14.168193596889694,33.98616710964859,142.18624914884992,281.0,287.0,177.0
22.55,1.0,116.21101496846157,72.89193949058347,12.914251666767,31.42956561483851,143.26717333551062,281.0,288.0,177.0
22.6,1.0,118.40608092492548,71.12249400806796,15.770612688039819,27.931301385001717,142.46349445998533,282.0,287.0,177.0
22.65,1.0,119.36917525056458,70.82967315283695,13.716407958571807,29.12231356828198,129.68124577182164,280.0,287.0,177.0
22.7,1.0,121.8400590938793,70.82967315283695,17.009247358936705,33.13477794577673,124.68308950372125,280.0,287.0,177.0
22.75,1.0,123.36936410632909,70.9439200366552,14.26307204219566,37.113116595220106,118.44292862436333,278.0,287.0,175.0
22.8,1.0,123.664869708418,70.26324863768863,14.26307204219566,31.65716630157695,136.48305457747506,279.0,288.0,175.0
22.85,1.0,124.61942063739504,70.23283132320836,14.53034033463075,24.81678329876968,140.25940347520643,277.0,287.0,174.0
22.9,1.0,123.96773773849388,71.19946803801588,11.662084029313064,19.893071978819222,141.20971938015583,277.0,287.0,173.0
22.95,1.0,124.91997438360288,71.19946803801588,13.606103054249274,20.72048529969112,141.758210991968,277.0,287.0,173.0
23.0,1.0,125.22779244241272,71.30750520635269,12.114378918543991,25.040651229128088,140.22864501539567,277.0,287.0,172.0
23.05,1.0,129.34063553268942,72.58243588099035,12.958792446600654,26.696162571825198,142.5991195513994,275.0,287.0,172.0
23.1,1.0,130.60245020672468,72.58243588099035,12.958792446600654,26.75150819277249,143.79301660914933,275.0,287.0,171.0
23.15,1.0,129.34063553268942,72.9004307391883,12.958792446600654,16.389540334034763,150.19635716983194,272.0,286.0,171.0
23.2,1.0,128.39003076563228,73.21122164495176,12.958792446600654,15.368463321796128,151.45898325487698,271.0,286.0,170.0
23.25,1.0,127.7810627597063,72.75854060106002,13.608508659451786,10.873945715787102,69.9906192982843,259.0,284.0,170.0
23.3,1.0,126.24183141890805,73.90402421051138,12.77783385738951,36.86989764584402,80.93070670010844,259.0,283.0,170.0
23.35,1.0,127.4872542648872,73.61556457339547,13.883687549782422,78.25928030897116,63.84166724087882,254.0,284.0,156.0
23.4,1.0,127.4872542648872,73.19130837379315,15.816772091728296,60.182408361997176,52.933720665391476,254.0,284.0,150.0
23.45,1.0,132.18925826253812,73.02808308565236,12.208275223621456,22.791551471177854,54.525042071351635,256.0,283.0,145.0
23.5,1.0,133.19534526401438,70.00820413673787,13.813195331376477,9.385518260043114,64.75078128677809,253.0,282.0,144.0
23.55,1.0,139.51702405083043,71.87416536351485,20.38561208242342,6.4588163787186375,49.16083889743646,247.0,276.0,136.0
23.6,1.0,140.80127840328723,71.97391326896485,19.64232503903861,7.480886179523651,48.43024220475971,244.0,277.0,132.0
23.65,1.0,128.84486796143648,74.56527129119515,13.060187579853618,1.1189159305669136,65.47472734409094,229.0,272.0,109.0
23.7,1.0,116.55899793666725,73.28726700077341,20.80840343404003,34.159694545669424,74.27525427725257,234.0,274.0,115.0
23.75,1.0,113.43720729989786,74.08729783562185,20.536359331502865,27.156646620903757,76.02449945075601,223.0,272.0,102.0
23.8,1.0,110.3177229641729,72.27378929645593,19.92353203906643,21.33470766089627,73.86797355551157,191.0,254.0,98.0
23.85,1.0,103.31021246711285,72.29306120401073,21.95804053278195,nan,nan,193.0,258.0,94.0
23.9,1.0,101.24228365658294,69.48668093171602,25.18469710363351,nan,nan,198.0,259.0,110.0
23.95,1.0,100.31948963187563,67.78916988599163,24.74674821262613,nan,nan,203.0,258.0,98.0
24.0,1.0,98.18350166906862,68.53711407528019,24.74674821262613,nan,nan,210.0,266.0,106.0
24.05,1.0,96.18731725128839,67.93210043758978,18.888069442545998,nan,nan,217.0,269.0,112.0
24.1,1.0,92.00543462209176,73.93322206078653,12.070571439143777,nan,nan,224.0,271.0,116.0
24.15,1.0,95.00526301210897,76.26373169437743,9.242887721390531,nan,nan,229.0,274.0,115.0
24.2,1.0,97.02061636580135,76.97010713312577,6.199627215156056,nan,nan,234.0,278.0,117.0
24.25,1.0,103.00485425454472,83.19535356601713,0.7390520706782127,nan,nan,240.0,282.0,119.0
24.3,1.0,105.04284840006957,83.41087812081932,4.074545987610918,nan,nan,246.0,285.0,127.0
24.35,1.0,106.04244433244644,83.61732148461645,5.361471523415759,nan,nan,250.0,291.0,135.0
24.4,1.0,107.07474025184464,84.30541723266293,7.292058964582708,nan,nan,254.0,296.0,149.0
24.45,1.0,107.07474025184464,85.13865981852697,6.4588163787186375,nan,nan,260.0,300.0,153.0
24.5,1.0,107.22872749408155,88.68024429583033,5.194428907734732,nan,nan,266.0,301.0,153.0
24.55,1.0,107.22872749408155,88.94024246600162,6.1701750950295775,nan,nan,266.0,298.0,165.0
24.6,1.0,111.22050170719426,88.40331855092008,5.995386804075451,nan,nan,276.0,302.0,174.0
24.65,1.0,111.22050170719426,89.39478540275519,5.003919952240437,nan,nan,283.0,302.0,175.0
24.7,1.0,111.16204388189342,88.0590466740739,7.93672292615264,nan,nan,286.0,298.0,176.0
24.75,1.0,112.16059914247963,88.75829473040962,7.93672292615264,nan,nan,291.0,299.0,184.0
24.8,1.0,112.11155159036913,88.57853445582539,8.116483200736894,nan,nan,308.0,305.0,192.0
24.85,1.0,113.11056537742175,87.41137886075148,10.464923250818174,nan,nan,308.0,303.0,192.0
24.9,1.0,113.00442469213318,86.8900711624697,10.167775487411376,nan,nan,305.0,298.0,194.0
24.95,1.0,113.0,85.99138754173171,8.165242355584525,nan,nan,305.0,296.0,194.0
25.0,1.0,113.00442469213318,85.2854624515892,8.165242355584525,nan,nan,305.0,293.0,198.0
25.05,1.0,115.00434774390054,87.76619073985707,9.235076817638259,nan,nan,300.0,289.0,196.0
25.1,1.0,117.0,90.70099081212422,8.597949006575277,nan,nan,297.0,288.0,193.0
25.15,1.0,118.0,91.2940194898237,12.279964159999878,nan,nan,297.0,287.0,201.0
25.2,1.0,119.0,92.39021343072167,10.492538418743209,nan,nan,295.0,283.0,201.0
25.25,1.0,117.0,93.20967577511882,10.492538418743209,nan,nan,295.0,283.0,199.0
25.3,1.0,116.0,92.40374775521272,12.115860493926334,20.633178152382868,162.05059700708614,295.0,283.0,197.0
25.35,1.0,116.0,92.57254796405583,11.947060285083154,18.80323618096213,161.34012243442098,294.0,283.0,197.0
25.4,1.0,115.00434774390054,92.34351859510278,10.056861015248273,16.13727656171787,161.92123704736775,292.0,282.0,196.0
25.45,1.0,115.0173899895142,92.12702906976831,10.883244445221578,11.863443092597464,161.1387746536432,290.0,280.0,195.0
25.5,1.0,115.06954418958998,90.5774295155828,11.713919247283798,14.091938011272305,161.69228527222046,290.0,281.0,196.0
25.55,1.0,115.06954418958998,89.63098511687636,12.548567144917115,17.102728969052407,164.64812521749042,287.0,280.0,194.0
25.6,1.0,115.06954418958998,89.63098511687636,12.548567144917115,32.40788206300937,164.22480111877906,281.0,280.0,193.0
25.65,1.0,115.10864433221339,89.63098511687636,12.548567144917115,25.892100834603866,164.0824547613693,279.0,279.0,191.0
25.7,1.0,110.07270324653611,88.18222129489277,14.036243467926482,24.526915572070607,162.120340757281,280.0,278.0,190.0
25.75,1.0,107.01868995647442,87.93860050412829,14.890182367327156,22.126334809373276,161.565051177078,276.0,276.0,188.0
25.8,1.0,104.01922899156675,87.93860050412829,12.88764923550022,23.447386983915862,164.6187612834909,270.0,272.0,187.0
25.85,1.0,106.00471687618433,88.04387512982652,12.78237460980202,24.433437934074817,162.20879689125334,272.0,273.0,186.0
25.9,1.0,106.00471687618433,87.53026961662829,12.561954328556936,23.34745457500921,161.2732565641188,273.0,274.0,185.0
25.95,1.0,105.04284840006957,87.64572695055264,12.446496994632582,25.270532001537134,160.65309332881392,272.0,274.0,185.0
26.0,1.0,105.07616285342742,87.64572695055264,12.446496994632582,12.722156062438444,161.2732565641188,271.0,274.0,184.0
26.05,1.0,104.17293314484334,86.91490400877417,12.446496994632582,18.004161605913396,160.43436022583998,273.0,275.0,184.0
26.1,1.0,107.22872749408155,85.5829011369644,12.32731717793257,18.84450535772359,159.59401647402976,276.0,276.0,184.0
26.15,1.0,109.22453936730518,85.9429286795859,11.405951167132457,20.22807775276854,161.21942520410684,275.0,275.0,185.0
26.2,1.0,110.2905254316979,85.37322286993331,11.268110744576774,17.867882918316838,163.82927327128345,276.0,276.0,185.0
26.25,1.0,111.16204388189342,84.9860365752252,11.498848631894191,17.318938431514738,165.32360686255,276.0,277.0,185.0
26.3,1.0,111.16204388189342,83.77504821839258,11.198380841762912,16.4268617067612,165.34574945167446,278.0,276.0,186.0
26.35,1.0,108.11567878897121,82.67952427294038,12.127091034930146,16.220193695602774,107.36162574546759,274.0,274.0,189.0
26.4,1.0,108.16653826391968,81.01459270730686,13.749048983419328,7.865675295280511,143.7750557444797,261.0,270.0,189.0
26.45,1.0,109.22453936730518,81.74784352231624,15.870145380080743,26.8650263393819,150.38329696688132,260.0,270.0,189.0
26.5,1.0,105.30432089900205,81.74784352231624,13.749048983419328,23.325350880975833,156.98945792641325,259.0,269.0,188.0
26.55,1.0,104.30723848324239,81.74784352231624,13.749048983419328,30.579226872488988,123.80528880686882,252.0,265.0,183.0
26.6,1.0,103.39245620450265,82.41018059127983,13.824299504261404,7.411492859178793,177.98723867539337,239.0,262.0,183.0
26.65,1.0,103.31021246711285,82.41018059127983,13.824299504261404,0.48146580583906484,172.55316297857084,236.0,260.0,180.0
26.7,1.0,103.1746092796091,82.67952427294038,12.127091034930146,4.110698835652613,168.92682559788693,233.0,260.0,180.0
26.75,1.0,103.1746092796091,83.67035753443359,11.99334872358699,5.3797015991253545,164.70857218931027,227.0,257.0,180.0
26.8,1.0,107.01868995647442,84.58113679499093,11.082569463029671,4.73076858240978,164.74488129694222,227.0,258.0,179.0
26.85,1.0,108.0,85.06839392550171,10.042023635529517,2.022851096543235,166.27324380117986,228.0,258.0,177.0
26.9,1.0,109.00458705944443,85.06839392550171,10.042023635529517,3.6105846234019907,164.40251203685216,226.0,257.0,176.0
26.95,1.0,110.0,85.06839392550171,10.786082838418196,2.3652203566337278,166.68978350507678,229.0,259.0,179.0
27.0,1.0,110.00454536063498,86.15239743497123,7.617572889160925,2.3652203566337278,167.44485658090298,231.0,259.0,180.0
27.05,1.0,110.00454536063498,86.30477946801082,7.465190856121438,0.932398724854238,167.30414967516757,229.0,260.0,186.0
27.1,1.0,111.00450441310929,86.30477946801082,7.465190856121438,1.5467648949449995,167.44485658090298,232.0,269.0,193.0
27.15,1.0,111.00450441310929,86.30477946801082,7.465190856121438,6.588630165584107,179.2267868283824,252.0,280.0,197.0
27.2,1.0,113.01769772916099,86.85994366717944,7.617572889160925,4.497151614667814,177.37213526576588,252.0,280.0,199.0
27.25,1.0,114.0175425099138,87.0146737519879,9.869067850824706,5.256837356758865,178.52848600616517,254.0,280.0,199.0
27.3,1.0,114.0175425099138,89.30972280213493,9.118318230487773,27.94590920221262,179.5993367442077,260.0,283.0,199.0
27.35,1.0,114.0175425099138,89.30972280213493,9.118318230487773,5.551672309653384,176.93788061234568,270.0,290.0,214.0
27.4,1.0,115.00434774390054,89.30972280213493,8.374259027599095,10.424848877957317,177.6610778646643,271.0,292.0,210.0
27.45,1.0,115.00434774390054,90.48545441170828,6.775656169399014,12.039112116022295,179.37758255650996,269.0,293.0,208.0
27.5,1.0,115.0173899895142,90.3493601795028,6.0853789715339985,18.063171765596536,178.29503018953824,277.0,296.0,219.0
27.55,1.0,117.01709276853532,90.3493601795028,8.139583701001982,18.778033222445544,180.0,276.0,295.0,232.0
27.6,1.0,117.01709276853532,90.86233607859296,8.316884999776818,20.8790168805574,177.89901634188817,278.0,296.0,231.0
27.65,1.0,120.14990636700472,88.99861180877231,16.331541767937836,14.405183288019515,177.61909443767786,275.0,291.0,235.0
27.7,1.0,121.2023102090055,88.00998853063327,22.46497649099254,11.44901212954818,175.15295954323645,277.0,288.0,241.0
27.75,1.0,122.20065466273084,87.15964978828376,25.156946859432907,10.527786119963565,171.08775129178736,275.0,281.0,248.0
27.8,1.0,120.33702672078948,87.83417331809524,21.335600403586795,7.755121567719556,169.10428914128707,274.0,276.0,246.0
27.85,1.0,119.33985084622823,88.31905025252685,16.39815183778947,11.330564730785284,169.71088116726855,274.0,272.0,250.0
27.9,1.0,114.28035701729323,88.31905025252685,14.405305432895517,8.732425091404878,169.4003789497343,275.0,273.0,254.0
27.95,1.0,113.28283188550682,88.70827442875135,14.556424320074314,8.703306758017789,169.92638041164332,276.0,272.0,255.0
28.0,1.0,114.21471008587291,89.42383892188103,5.894141540908578,4.805023057718273,169.6432283180298,278.0,271.0,254.0
28.05,1.0,116.15506876585283,90.53899374376991,5.583085215109037,4.893442400357031,169.6432283180298,281.0,271.0,253.0
28.1,1.0,119.20570456148481,91.46048251184365,3.857497950945998,0.09827739849114892,168.13815131290843,280.0,273.0,255.0
28.15,1.0,119.15116449284078,91.96646456829575,7.1250163489018234,1.9108273563916782,167.04384227663178,280.0,275.0,258.0
28.2,1.0,120.03749414245534,92.6855393776722,7.355508395961181,0.20609903738505864,166.66112566943858,281.0,274.0,258.0
28.25,1.0,120.0,92.21094819927355,8.574952123316365,0.7184881363391469,167.54525844116733,283.0,272.0,259.0
28.3,1.0,121.00413216084813,91.73570458892839,10.767717309073788,2.0145987878706535,167.47119229084848,284.0,270.0,260.0
28.35,1.0,123.00406497347964,93.6082135726979,6.669474209756544,3.6462712087567866,166.0388164622951,283.0,270.0,257.0
28.4,1.0,125.03599481749245,93.42158302913234,10.377902366887042,5.710593137499643,166.55498069205998,284.0,271.0,256.0
28.45,1.0,126.25371281669304,96.22670522438351,10.377902366887042,5.2812406284451185,166.48135546979248,285.0,270.0,251.0
28.5,1.0,127.3184982632139,97.79117467753137,11.391881089672353,8.207216411918154,167.8404042714735,286.0,272.0,248.0
28.55,1.0,127.39309243440164,97.08452632189905,12.752863882648455,6.658575260009201,165.93140953522052,283.0,271.0,243.0
28.6,1.0,130.38404810405297,97.80563703826716,12.877831866019392,9.046040510383989,166.10071644426125,283.0,271.0,242.0
28.65,1.0,133.5402561027947,98.48373271246126,14.745313448450787,9.304005325446752,168.006651276413,284.0,269.0,243.0
28.7,1.0,134.5362404707371,98.47687822446102,14.036243467926482,10.277840177816586,170.1125990836769,285.0,273.0,239.0
28.75,1.0,134.6291201783626,98.05092813530186,12.293173120616473,9.71653001138128,173.4854432370075,285.0,274.0,230.0
28.8,1.0,134.72935834479432,98.76027800001613,10.89354605803723,8.659408377679682,176.8952272589235,288.0,276.0,227.0
28.85,1.0,134.9518432626987,98.71542732707024,16.37563793018299,10.987999220406834,179.91779664247173,292.0,278.0,225.0
28.9,1.0,134.08206442324789,98.47379348926455,18.743106017977738,12.053234642383899,175.53970125870552,292.0,279.0,223.0
28.95,1.0,134.9518432626987,97.74193296576661,21.315596327544654,3.803317083850999,174.90683435745467,291.0,278.0,205.0
29.0,1.0,134.72935834479432,99.04010710133511,18.228849785537875,3.483739977505877,173.28017411341543,291.0,279.0,207.0
29.05,1.0,129.86916493148019,96.5030559448817,19.063396520790434,0.24889408823622716,174.0882771651499,291.0,279.0,211.0
29.1,1.0,128.9961239727768,95.44865144135986,21.65043281467024,0.25129566721042806,173.39153566168315,291.0,281.0,202.0
29.15,1.0,128.00390619039717,95.73124239040739,18.02446572129554,0.5011164888792052,170.6539688319224,291.0,283.0,200.0
29.2,1.0,128.1327436684316,96.83434733746716,21.413556041001073,2.8221552998116124,167.6387528469295,294.0,289.0,200.0
29.25,1.0,128.1327436684316,96.73970771115128,25.174377258731994,3.5987681168081167,167.05225429390444,296.0,296.0,198.0
29.3,1.0,128.76334882255898,96.04476765008431,28.359111999326643,2.6780120111983763,166.25662274290477,297.0,298.0,196.0
29.35,1.0,129.75746606650424,95.73904919184471,28.359111999326643,1.986340695882177,165.49933119524258,299.0,304.0,199.0
29.4,1.0,126.8897158953396,97.16672499966585,26.235768713231323,5.84508232543638,164.97930733337859,299.0,303.0,200.0
29.45,1.0,123.0447073221762,99.48247548876786,20.087874690192706,2.135915547855859,164.6550630381887,299.0,303.0,201.0
